notice,dataset_kind,not_for_publication,citation_permitted,week_id,cutoff_at,profile_id,headline_price_usd,frontier_price_usd,mean_three_price_usd,weight,contribution_percentage_points,price_setter_endpoint_id,price_setter_provider_id,price_setter_creator_id,selected_triple,observation_ids,source_ids
SYNTHETIC KAPI PROTOTYPE — NOT AN OFFICIAL OR PUBLISHED INDEX,synthetic,True,False,week-2026-04-03,2026-04-03T16:00:00Z,structured-extraction,0.0056,0.0044,0.0052,0.16666666666666666666666666666666666666666666666667,,endpoint-a-v1,provider-a,creator-a,"[""endpoint-a-v1"",""endpoint-b-v1"",""endpoint-d-v1""]","[""price-2026-04-03-a-input"",""price-2026-04-03-a-output"",""price-2026-04-03-b-input"",""price-2026-04-03-b-output"",""price-2026-04-03-c-input"",""price-2026-04-03-c-output"",""price-2026-04-03-d-input"",""price-2026-04-03-d-output""]","[""source-capability-a"",""source-capability-b"",""source-capability-c"",""source-capability-d"",""source-price-2026-04-03-a"",""source-price-2026-04-03-b"",""source-price-2026-04-03-c"",""source-price-2026-04-03-d""]"
SYNTHETIC KAPI PROTOTYPE — NOT AN OFFICIAL OR PUBLISHED INDEX,synthetic,True,False,week-2026-04-03,2026-04-03T16:00:00Z,grounded-rag,0.024,0.0196,0.023333333333333333333333333333333333333333333333333,0.16666666666666666666666666666666666666666666666667,,endpoint-d-v1,provider-d,creator-d,"[""endpoint-a-v1"",""endpoint-b-v1"",""endpoint-d-v1""]","[""price-2026-04-03-a-input"",""price-2026-04-03-a-output"",""price-2026-04-03-b-input"",""price-2026-04-03-b-output"",""price-2026-04-03-c-input"",""price-2026-04-03-c-output"",""price-2026-04-03-d-input"",""price-2026-04-03-d-output""]","[""source-capability-a"",""source-capability-b"",""source-capability-c"",""source-capability-d"",""source-price-2026-04-03-a"",""source-price-2026-04-03-b"",""source-price-2026-04-03-c"",""source-price-2026-04-03-d""]"
SYNTHETIC KAPI PROTOTYPE — NOT AN OFFICIAL OR PUBLISHED INDEX,synthetic,True,False,week-2026-04-03,2026-04-03T16:00:00Z,summarization-transformation,0.05,0.043,0.051666666666666666666666666666666666666666666666667,0.16666666666666666666666666666666666666666666666667,,endpoint-d-v1,provider-d,creator-d,"[""endpoint-a-v1"",""endpoint-b-v1"",""endpoint-d-v1""]","[""price-2026-04-03-a-input"",""price-2026-04-03-a-output"",""price-2026-04-03-b-input"",""price-2026-04-03-b-output"",""price-2026-04-03-c-input"",""price-2026-04-03-c-output"",""price-2026-04-03-d-input"",""price-2026-04-03-d-output""]","[""source-capability-a"",""source-capability-b"",""source-capability-c"",""source-capability-d"",""source-price-2026-04-03-a"",""source-price-2026-04-03-b"",""source-price-2026-04-03-c"",""source-price-2026-04-03-d""]"
SYNTHETIC KAPI PROTOTYPE — NOT AN OFFICIAL OR PUBLISHED INDEX,synthetic,True,False,week-2026-04-03,2026-04-03T16:00:00Z,code-repair,0.048,0.048,0.05,0.16666666666666666666666666666666666666666666666667,,endpoint-b-v1,provider-b,creator-b,"[""endpoint-a-v1"",""endpoint-b-v1"",""endpoint-c-v1""]","[""price-2026-04-03-a-input"",""price-2026-04-03-a-output"",""price-2026-04-03-b-input"",""price-2026-04-03-b-output"",""price-2026-04-03-c-input"",""price-2026-04-03-c-output"",""price-2026-04-03-d-input"",""price-2026-04-03-d-output""]","[""source-capability-a"",""source-capability-b"",""source-capability-c"",""source-capability-d"",""source-price-2026-04-03-a"",""source-price-2026-04-03-b"",""source-price-2026-04-03-c"",""source-price-2026-04-03-d""]"
SYNTHETIC KAPI PROTOTYPE — NOT AN OFFICIAL OR PUBLISHED INDEX,synthetic,True,False,week-2026-04-03,2026-04-03T16:00:00Z,analysis-reasoning,0.012,0.01,0.011733333333333333333333333333333333333333333333333,0.16666666666666666666666666666666666666666666666667,,endpoint-a-v1,provider-a,creator-a,"[""endpoint-a-v1"",""endpoint-b-v1"",""endpoint-d-v1""]","[""price-2026-04-03-a-input"",""price-2026-04-03-a-output"",""price-2026-04-03-b-input"",""price-2026-04-03-b-output"",""price-2026-04-03-c-input"",""price-2026-04-03-c-output"",""price-2026-04-03-d-input"",""price-2026-04-03-d-output""]","[""source-capability-a"",""source-capability-b"",""source-capability-c"",""source-capability-d"",""source-price-2026-04-03-a"",""source-price-2026-04-03-b"",""source-price-2026-04-03-c"",""source-price-2026-04-03-d""]"
SYNTHETIC KAPI PROTOTYPE — NOT AN OFFICIAL OR PUBLISHED INDEX,synthetic,True,False,week-2026-04-03,2026-04-03T16:00:00Z,tool-workflow,0.108,0.102,0.112,0.16666666666666666666666666666666666666666666666667,,endpoint-a-v1,provider-a,creator-a,"[""endpoint-a-v1"",""endpoint-b-v1"",""endpoint-c-v1""]","[""price-2026-04-03-a-input"",""price-2026-04-03-a-output"",""price-2026-04-03-b-input"",""price-2026-04-03-b-output"",""price-2026-04-03-c-input"",""price-2026-04-03-c-output"",""price-2026-04-03-d-input"",""price-2026-04-03-d-output""]","[""source-capability-a"",""source-capability-b"",""source-capability-c"",""source-capability-d"",""source-price-2026-04-03-a"",""source-price-2026-04-03-b"",""source-price-2026-04-03-c"",""source-price-2026-04-03-d""]"
SYNTHETIC KAPI PROTOTYPE — NOT AN OFFICIAL OR PUBLISHED INDEX,synthetic,True,False,week-2026-04-10,2026-04-10T16:00:00Z,structured-extraction,0.0056,0.0044,0.0052,0.16666666666666666666666666666666666666666666666667,0,endpoint-a-v1,provider-a,creator-a,"[""endpoint-a-v1"",""endpoint-b-v1"",""endpoint-d-v1""]","[""price-2026-04-10-a-input"",""price-2026-04-10-a-output"",""price-2026-04-10-b-input"",""price-2026-04-10-b-output"",""price-2026-04-10-c-input"",""price-2026-04-10-c-output"",""price-2026-04-10-d-input"",""price-2026-04-10-d-output""]","[""source-capability-a"",""source-capability-b"",""source-capability-c"",""source-capability-d"",""source-price-2026-04-10-a"",""source-price-2026-04-10-b"",""source-price-2026-04-10-c"",""source-price-2026-04-10-d""]"
SYNTHETIC KAPI PROTOTYPE — NOT AN OFFICIAL OR PUBLISHED INDEX,synthetic,True,False,week-2026-04-10,2026-04-10T16:00:00Z,grounded-rag,0.024,0.0196,0.023333333333333333333333333333333333333333333333333,0.16666666666666666666666666666666666666666666666667,0,endpoint-d-v1,provider-d,creator-d,"[""endpoint-a-v1"",""endpoint-b-v1"",""endpoint-d-v1""]","[""price-2026-04-10-a-input"",""price-2026-04-10-a-output"",""price-2026-04-10-b-input"",""price-2026-04-10-b-output"",""price-2026-04-10-c-input"",""price-2026-04-10-c-output"",""price-2026-04-10-d-input"",""price-2026-04-10-d-output""]","[""source-capability-a"",""source-capability-b"",""source-capability-c"",""source-capability-d"",""source-price-2026-04-10-a"",""source-price-2026-04-10-b"",""source-price-2026-04-10-c"",""source-price-2026-04-10-d""]"
SYNTHETIC KAPI PROTOTYPE — NOT AN OFFICIAL OR PUBLISHED INDEX,synthetic,True,False,week-2026-04-10,2026-04-10T16:00:00Z,summarization-transformation,0.05,0.043,0.051666666666666666666666666666666666666666666666667,0.16666666666666666666666666666666666666666666666667,0,endpoint-d-v1,provider-d,creator-d,"[""endpoint-a-v1"",""endpoint-b-v1"",""endpoint-d-v1""]","[""price-2026-04-10-a-input"",""price-2026-04-10-a-output"",""price-2026-04-10-b-input"",""price-2026-04-10-b-output"",""price-2026-04-10-c-input"",""price-2026-04-10-c-output"",""price-2026-04-10-d-input"",""price-2026-04-10-d-output""]","[""source-capability-a"",""source-capability-b"",""source-capability-c"",""source-capability-d"",""source-price-2026-04-10-a"",""source-price-2026-04-10-b"",""source-price-2026-04-10-c"",""source-price-2026-04-10-d""]"
SYNTHETIC KAPI PROTOTYPE — NOT AN OFFICIAL OR PUBLISHED INDEX,synthetic,True,False,week-2026-04-10,2026-04-10T16:00:00Z,code-repair,0.048,0.048,0.05,0.16666666666666666666666666666666666666666666666667,0,endpoint-b-v1,provider-b,creator-b,"[""endpoint-a-v1"",""endpoint-b-v1"",""endpoint-c-v1""]","[""price-2026-04-10-a-input"",""price-2026-04-10-a-output"",""price-2026-04-10-b-input"",""price-2026-04-10-b-output"",""price-2026-04-10-c-input"",""price-2026-04-10-c-output"",""price-2026-04-10-d-input"",""price-2026-04-10-d-output""]","[""source-capability-a"",""source-capability-b"",""source-capability-c"",""source-capability-d"",""source-price-2026-04-10-a"",""source-price-2026-04-10-b"",""source-price-2026-04-10-c"",""source-price-2026-04-10-d""]"
SYNTHETIC KAPI PROTOTYPE — NOT AN OFFICIAL OR PUBLISHED INDEX,synthetic,True,False,week-2026-04-10,2026-04-10T16:00:00Z,analysis-reasoning,0.012,0.01,0.011733333333333333333333333333333333333333333333333,0.16666666666666666666666666666666666666666666666667,0,endpoint-a-v1,provider-a,creator-a,"[""endpoint-a-v1"",""endpoint-b-v1"",""endpoint-d-v1""]","[""price-2026-04-10-a-input"",""price-2026-04-10-a-output"",""price-2026-04-10-b-input"",""price-2026-04-10-b-output"",""price-2026-04-10-c-input"",""price-2026-04-10-c-output"",""price-2026-04-10-d-input"",""price-2026-04-10-d-output""]","[""source-capability-a"",""source-capability-b"",""source-capability-c"",""source-capability-d"",""source-price-2026-04-10-a"",""source-price-2026-04-10-b"",""source-price-2026-04-10-c"",""source-price-2026-04-10-d""]"
SYNTHETIC KAPI PROTOTYPE — NOT AN OFFICIAL OR PUBLISHED INDEX,synthetic,True,False,week-2026-04-10,2026-04-10T16:00:00Z,tool-workflow,0.108,0.102,0.112,0.16666666666666666666666666666666666666666666666667,0,endpoint-a-v1,provider-a,creator-a,"[""endpoint-a-v1"",""endpoint-b-v1"",""endpoint-c-v1""]","[""price-2026-04-10-a-input"",""price-2026-04-10-a-output"",""price-2026-04-10-b-input"",""price-2026-04-10-b-output"",""price-2026-04-10-c-input"",""price-2026-04-10-c-output"",""price-2026-04-10-d-input"",""price-2026-04-10-d-output""]","[""source-capability-a"",""source-capability-b"",""source-capability-c"",""source-capability-d"",""source-price-2026-04-10-a"",""source-price-2026-04-10-b"",""source-price-2026-04-10-c"",""source-price-2026-04-10-d""]"
SYNTHETIC KAPI PROTOTYPE — NOT AN OFFICIAL OR PUBLISHED INDEX,synthetic,True,False,week-2026-04-17,2026-04-17T16:00:00Z,structured-extraction,0.0056,0.0044,0.0052,0.16666666666666666666666666666666666666666666666667,0,endpoint-a-v1,provider-a,creator-a,"[""endpoint-a-v1"",""endpoint-b-v1"",""endpoint-d-v1""]","[""price-2026-04-17-a-input"",""price-2026-04-17-a-output"",""price-2026-04-17-b-input"",""price-2026-04-17-b-output"",""price-2026-04-17-c-input"",""price-2026-04-17-c-output"",""price-2026-04-17-d-input"",""price-2026-04-17-d-output""]","[""source-capability-a"",""source-capability-b"",""source-capability-c"",""source-capability-d"",""source-price-2026-04-17-a"",""source-price-2026-04-17-b"",""source-price-2026-04-17-c"",""source-price-2026-04-17-d""]"
SYNTHETIC KAPI PROTOTYPE — NOT AN OFFICIAL OR PUBLISHED INDEX,synthetic,True,False,week-2026-04-17,2026-04-17T16:00:00Z,grounded-rag,0.024,0.0196,0.023333333333333333333333333333333333333333333333333,0.16666666666666666666666666666666666666666666666667,0,endpoint-d-v1,provider-d,creator-d,"[""endpoint-a-v1"",""endpoint-b-v1"",""endpoint-d-v1""]","[""price-2026-04-17-a-input"",""price-2026-04-17-a-output"",""price-2026-04-17-b-input"",""price-2026-04-17-b-output"",""price-2026-04-17-c-input"",""price-2026-04-17-c-output"",""price-2026-04-17-d-input"",""price-2026-04-17-d-output""]","[""source-capability-a"",""source-capability-b"",""source-capability-c"",""source-capability-d"",""source-price-2026-04-17-a"",""source-price-2026-04-17-b"",""source-price-2026-04-17-c"",""source-price-2026-04-17-d""]"
SYNTHETIC KAPI PROTOTYPE — NOT AN OFFICIAL OR PUBLISHED INDEX,synthetic,True,False,week-2026-04-17,2026-04-17T16:00:00Z,summarization-transformation,0.05,0.043,0.051666666666666666666666666666666666666666666666667,0.16666666666666666666666666666666666666666666666667,0,endpoint-d-v1,provider-d,creator-d,"[""endpoint-a-v1"",""endpoint-b-v1"",""endpoint-d-v1""]","[""price-2026-04-17-a-input"",""price-2026-04-17-a-output"",""price-2026-04-17-b-input"",""price-2026-04-17-b-output"",""price-2026-04-17-c-input"",""price-2026-04-17-c-output"",""price-2026-04-17-d-input"",""price-2026-04-17-d-output""]","[""source-capability-a"",""source-capability-b"",""source-capability-c"",""source-capability-d"",""source-price-2026-04-17-a"",""source-price-2026-04-17-b"",""source-price-2026-04-17-c"",""source-price-2026-04-17-d""]"
SYNTHETIC KAPI PROTOTYPE — NOT AN OFFICIAL OR PUBLISHED INDEX,synthetic,True,False,week-2026-04-17,2026-04-17T16:00:00Z,code-repair,0.048,0.048,0.05,0.16666666666666666666666666666666666666666666666667,0,endpoint-b-v1,provider-b,creator-b,"[""endpoint-a-v1"",""endpoint-b-v1"",""endpoint-c-v1""]","[""price-2026-04-17-a-input"",""price-2026-04-17-a-output"",""price-2026-04-17-b-input"",""price-2026-04-17-b-output"",""price-2026-04-17-c-input"",""price-2026-04-17-c-output"",""price-2026-04-17-d-input"",""price-2026-04-17-d-output""]","[""source-capability-a"",""source-capability-b"",""source-capability-c"",""source-capability-d"",""source-price-2026-04-17-a"",""source-price-2026-04-17-b"",""source-price-2026-04-17-c"",""source-price-2026-04-17-d""]"
SYNTHETIC KAPI PROTOTYPE — NOT AN OFFICIAL OR PUBLISHED INDEX,synthetic,True,False,week-2026-04-17,2026-04-17T16:00:00Z,analysis-reasoning,0.012,0.01,0.011733333333333333333333333333333333333333333333333,0.16666666666666666666666666666666666666666666666667,0,endpoint-a-v1,provider-a,creator-a,"[""endpoint-a-v1"",""endpoint-b-v1"",""endpoint-d-v1""]","[""price-2026-04-17-a-input"",""price-2026-04-17-a-output"",""price-2026-04-17-b-input"",""price-2026-04-17-b-output"",""price-2026-04-17-c-input"",""price-2026-04-17-c-output"",""price-2026-04-17-d-input"",""price-2026-04-17-d-output""]","[""source-capability-a"",""source-capability-b"",""source-capability-c"",""source-capability-d"",""source-price-2026-04-17-a"",""source-price-2026-04-17-b"",""source-price-2026-04-17-c"",""source-price-2026-04-17-d""]"
SYNTHETIC KAPI PROTOTYPE — NOT AN OFFICIAL OR PUBLISHED INDEX,synthetic,True,False,week-2026-04-17,2026-04-17T16:00:00Z,tool-workflow,0.108,0.102,0.112,0.16666666666666666666666666666666666666666666666667,0,endpoint-a-v1,provider-a,creator-a,"[""endpoint-a-v1"",""endpoint-b-v1"",""endpoint-c-v1""]","[""price-2026-04-17-a-input"",""price-2026-04-17-a-output"",""price-2026-04-17-b-input"",""price-2026-04-17-b-output"",""price-2026-04-17-c-input"",""price-2026-04-17-c-output"",""price-2026-04-17-d-input"",""price-2026-04-17-d-output""]","[""source-capability-a"",""source-capability-b"",""source-capability-c"",""source-capability-d"",""source-price-2026-04-17-a"",""source-price-2026-04-17-b"",""source-price-2026-04-17-c"",""source-price-2026-04-17-d""]"
SYNTHETIC KAPI PROTOTYPE — NOT AN OFFICIAL OR PUBLISHED INDEX,synthetic,True,False,week-2026-04-24,2026-04-24T16:00:00Z,structured-extraction,0.0056,0.0044,0.0052,0.16666666666666666666666666666666666666666666666667,0,endpoint-a-v1,provider-a,creator-a,"[""endpoint-a-v1"",""endpoint-b-v1"",""endpoint-d-v1""]","[""price-2026-04-24-a-input"",""price-2026-04-24-a-output"",""price-2026-04-24-b-input"",""price-2026-04-24-b-output"",""price-2026-04-24-c-input"",""price-2026-04-24-c-output"",""price-2026-04-24-d-input"",""price-2026-04-24-d-output""]","[""source-capability-a"",""source-capability-b"",""source-capability-c"",""source-capability-d"",""source-price-2026-04-24-a"",""source-price-2026-04-24-b"",""source-price-2026-04-24-c"",""source-price-2026-04-24-d""]"
SYNTHETIC KAPI PROTOTYPE — NOT AN OFFICIAL OR PUBLISHED INDEX,synthetic,True,False,week-2026-04-24,2026-04-24T16:00:00Z,grounded-rag,0.024,0.0196,0.023333333333333333333333333333333333333333333333333,0.16666666666666666666666666666666666666666666666667,0,endpoint-d-v1,provider-d,creator-d,"[""endpoint-a-v1"",""endpoint-b-v1"",""endpoint-d-v1""]","[""price-2026-04-24-a-input"",""price-2026-04-24-a-output"",""price-2026-04-24-b-input"",""price-2026-04-24-b-output"",""price-2026-04-24-c-input"",""price-2026-04-24-c-output"",""price-2026-04-24-d-input"",""price-2026-04-24-d-output""]","[""source-capability-a"",""source-capability-b"",""source-capability-c"",""source-capability-d"",""source-price-2026-04-24-a"",""source-price-2026-04-24-b"",""source-price-2026-04-24-c"",""source-price-2026-04-24-d""]"
SYNTHETIC KAPI PROTOTYPE — NOT AN OFFICIAL OR PUBLISHED INDEX,synthetic,True,False,week-2026-04-24,2026-04-24T16:00:00Z,summarization-transformation,0.05,0.043,0.051666666666666666666666666666666666666666666666667,0.16666666666666666666666666666666666666666666666667,0,endpoint-d-v1,provider-d,creator-d,"[""endpoint-a-v1"",""endpoint-b-v1"",""endpoint-d-v1""]","[""price-2026-04-24-a-input"",""price-2026-04-24-a-output"",""price-2026-04-24-b-input"",""price-2026-04-24-b-output"",""price-2026-04-24-c-input"",""price-2026-04-24-c-output"",""price-2026-04-24-d-input"",""price-2026-04-24-d-output""]","[""source-capability-a"",""source-capability-b"",""source-capability-c"",""source-capability-d"",""source-price-2026-04-24-a"",""source-price-2026-04-24-b"",""source-price-2026-04-24-c"",""source-price-2026-04-24-d""]"
SYNTHETIC KAPI PROTOTYPE — NOT AN OFFICIAL OR PUBLISHED INDEX,synthetic,True,False,week-2026-04-24,2026-04-24T16:00:00Z,code-repair,0.048,0.048,0.05,0.16666666666666666666666666666666666666666666666667,0,endpoint-b-v1,provider-b,creator-b,"[""endpoint-a-v1"",""endpoint-b-v1"",""endpoint-c-v1""]","[""price-2026-04-24-a-input"",""price-2026-04-24-a-output"",""price-2026-04-24-b-input"",""price-2026-04-24-b-output"",""price-2026-04-24-c-input"",""price-2026-04-24-c-output"",""price-2026-04-24-d-input"",""price-2026-04-24-d-output""]","[""source-capability-a"",""source-capability-b"",""source-capability-c"",""source-capability-d"",""source-price-2026-04-24-a"",""source-price-2026-04-24-b"",""source-price-2026-04-24-c"",""source-price-2026-04-24-d""]"
SYNTHETIC KAPI PROTOTYPE — NOT AN OFFICIAL OR PUBLISHED INDEX,synthetic,True,False,week-2026-04-24,2026-04-24T16:00:00Z,analysis-reasoning,0.012,0.01,0.011733333333333333333333333333333333333333333333333,0.16666666666666666666666666666666666666666666666667,0,endpoint-a-v1,provider-a,creator-a,"[""endpoint-a-v1"",""endpoint-b-v1"",""endpoint-d-v1""]","[""price-2026-04-24-a-input"",""price-2026-04-24-a-output"",""price-2026-04-24-b-input"",""price-2026-04-24-b-output"",""price-2026-04-24-c-input"",""price-2026-04-24-c-output"",""price-2026-04-24-d-input"",""price-2026-04-24-d-output""]","[""source-capability-a"",""source-capability-b"",""source-capability-c"",""source-capability-d"",""source-price-2026-04-24-a"",""source-price-2026-04-24-b"",""source-price-2026-04-24-c"",""source-price-2026-04-24-d""]"
SYNTHETIC KAPI PROTOTYPE — NOT AN OFFICIAL OR PUBLISHED INDEX,synthetic,True,False,week-2026-04-24,2026-04-24T16:00:00Z,tool-workflow,0.108,0.102,0.112,0.16666666666666666666666666666666666666666666666667,0,endpoint-a-v1,provider-a,creator-a,"[""endpoint-a-v1"",""endpoint-b-v1"",""endpoint-c-v1""]","[""price-2026-04-24-a-input"",""price-2026-04-24-a-output"",""price-2026-04-24-b-input"",""price-2026-04-24-b-output"",""price-2026-04-24-c-input"",""price-2026-04-24-c-output"",""price-2026-04-24-d-input"",""price-2026-04-24-d-output""]","[""source-capability-a"",""source-capability-b"",""source-capability-c"",""source-capability-d"",""source-price-2026-04-24-a"",""source-price-2026-04-24-b"",""source-price-2026-04-24-c"",""source-price-2026-04-24-d""]"
SYNTHETIC KAPI PROTOTYPE — NOT AN OFFICIAL OR PUBLISHED INDEX,synthetic,True,False,week-2026-05-01,2026-05-01T16:00:00Z,structured-extraction,0.0056,0.0044,0.0052,0.16666666666666666666666666666666666666666666666667,0,endpoint-a-v1,provider-a,creator-a,"[""endpoint-a-v1"",""endpoint-b-v1"",""endpoint-d-v1""]","[""price-2026-05-01-a-input"",""price-2026-05-01-a-output"",""price-2026-05-01-b-input"",""price-2026-05-01-b-output"",""price-2026-05-01-c-input"",""price-2026-05-01-c-output"",""price-2026-05-01-d-input"",""price-2026-05-01-d-output""]","[""source-capability-a"",""source-capability-b"",""source-capability-c"",""source-capability-d"",""source-price-2026-05-01-a"",""source-price-2026-05-01-b"",""source-price-2026-05-01-c"",""source-price-2026-05-01-d""]"
SYNTHETIC KAPI PROTOTYPE — NOT AN OFFICIAL OR PUBLISHED INDEX,synthetic,True,False,week-2026-05-01,2026-05-01T16:00:00Z,grounded-rag,0.024,0.0196,0.023333333333333333333333333333333333333333333333333,0.16666666666666666666666666666666666666666666666667,0,endpoint-d-v1,provider-d,creator-d,"[""endpoint-a-v1"",""endpoint-b-v1"",""endpoint-d-v1""]","[""price-2026-05-01-a-input"",""price-2026-05-01-a-output"",""price-2026-05-01-b-input"",""price-2026-05-01-b-output"",""price-2026-05-01-c-input"",""price-2026-05-01-c-output"",""price-2026-05-01-d-input"",""price-2026-05-01-d-output""]","[""source-capability-a"",""source-capability-b"",""source-capability-c"",""source-capability-d"",""source-price-2026-05-01-a"",""source-price-2026-05-01-b"",""source-price-2026-05-01-c"",""source-price-2026-05-01-d""]"
SYNTHETIC KAPI PROTOTYPE — NOT AN OFFICIAL OR PUBLISHED INDEX,synthetic,True,False,week-2026-05-01,2026-05-01T16:00:00Z,summarization-transformation,0.05,0.043,0.051666666666666666666666666666666666666666666666667,0.16666666666666666666666666666666666666666666666667,0,endpoint-d-v1,provider-d,creator-d,"[""endpoint-a-v1"",""endpoint-b-v1"",""endpoint-d-v1""]","[""price-2026-05-01-a-input"",""price-2026-05-01-a-output"",""price-2026-05-01-b-input"",""price-2026-05-01-b-output"",""price-2026-05-01-c-input"",""price-2026-05-01-c-output"",""price-2026-05-01-d-input"",""price-2026-05-01-d-output""]","[""source-capability-a"",""source-capability-b"",""source-capability-c"",""source-capability-d"",""source-price-2026-05-01-a"",""source-price-2026-05-01-b"",""source-price-2026-05-01-c"",""source-price-2026-05-01-d""]"
SYNTHETIC KAPI PROTOTYPE — NOT AN OFFICIAL OR PUBLISHED INDEX,synthetic,True,False,week-2026-05-01,2026-05-01T16:00:00Z,code-repair,0.048,0.048,0.05,0.16666666666666666666666666666666666666666666666667,0,endpoint-b-v1,provider-b,creator-b,"[""endpoint-a-v1"",""endpoint-b-v1"",""endpoint-c-v1""]","[""price-2026-05-01-a-input"",""price-2026-05-01-a-output"",""price-2026-05-01-b-input"",""price-2026-05-01-b-output"",""price-2026-05-01-c-input"",""price-2026-05-01-c-output"",""price-2026-05-01-d-input"",""price-2026-05-01-d-output""]","[""source-capability-a"",""source-capability-b"",""source-capability-c"",""source-capability-d"",""source-price-2026-05-01-a"",""source-price-2026-05-01-b"",""source-price-2026-05-01-c"",""source-price-2026-05-01-d""]"
SYNTHETIC KAPI PROTOTYPE — NOT AN OFFICIAL OR PUBLISHED INDEX,synthetic,True,False,week-2026-05-01,2026-05-01T16:00:00Z,analysis-reasoning,0.012,0.01,0.011733333333333333333333333333333333333333333333333,0.16666666666666666666666666666666666666666666666667,0,endpoint-a-v1,provider-a,creator-a,"[""endpoint-a-v1"",""endpoint-b-v1"",""endpoint-d-v1""]","[""price-2026-05-01-a-input"",""price-2026-05-01-a-output"",""price-2026-05-01-b-input"",""price-2026-05-01-b-output"",""price-2026-05-01-c-input"",""price-2026-05-01-c-output"",""price-2026-05-01-d-input"",""price-2026-05-01-d-output""]","[""source-capability-a"",""source-capability-b"",""source-capability-c"",""source-capability-d"",""source-price-2026-05-01-a"",""source-price-2026-05-01-b"",""source-price-2026-05-01-c"",""source-price-2026-05-01-d""]"
SYNTHETIC KAPI PROTOTYPE — NOT AN OFFICIAL OR PUBLISHED INDEX,synthetic,True,False,week-2026-05-01,2026-05-01T16:00:00Z,tool-workflow,0.108,0.102,0.112,0.16666666666666666666666666666666666666666666666667,0,endpoint-a-v1,provider-a,creator-a,"[""endpoint-a-v1"",""endpoint-b-v1"",""endpoint-c-v1""]","[""price-2026-05-01-a-input"",""price-2026-05-01-a-output"",""price-2026-05-01-b-input"",""price-2026-05-01-b-output"",""price-2026-05-01-c-input"",""price-2026-05-01-c-output"",""price-2026-05-01-d-input"",""price-2026-05-01-d-output""]","[""source-capability-a"",""source-capability-b"",""source-capability-c"",""source-capability-d"",""source-price-2026-05-01-a"",""source-price-2026-05-01-b"",""source-price-2026-05-01-c"",""source-price-2026-05-01-d""]"
SYNTHETIC KAPI PROTOTYPE — NOT AN OFFICIAL OR PUBLISHED INDEX,synthetic,True,False,week-2026-05-08,2026-05-08T16:00:00Z,structured-extraction,0.0056,0.0044,0.0052,0.16666666666666666666666666666666666666666666666667,0,endpoint-a-v1,provider-a,creator-a,"[""endpoint-a-v1"",""endpoint-b-v1"",""endpoint-d-v1""]","[""price-2026-05-08-a-input"",""price-2026-05-08-a-output"",""price-2026-05-08-b-input"",""price-2026-05-08-b-output"",""price-2026-05-08-c-input"",""price-2026-05-08-c-output"",""price-2026-05-08-d-input"",""price-2026-05-08-d-output""]","[""source-capability-a"",""source-capability-b"",""source-capability-c"",""source-capability-d"",""source-price-2026-05-08-a"",""source-price-2026-05-08-b"",""source-price-2026-05-08-c"",""source-price-2026-05-08-d""]"
SYNTHETIC KAPI PROTOTYPE — NOT AN OFFICIAL OR PUBLISHED INDEX,synthetic,True,False,week-2026-05-08,2026-05-08T16:00:00Z,grounded-rag,0.024,0.0196,0.023333333333333333333333333333333333333333333333333,0.16666666666666666666666666666666666666666666666667,0,endpoint-d-v1,provider-d,creator-d,"[""endpoint-a-v1"",""endpoint-b-v1"",""endpoint-d-v1""]","[""price-2026-05-08-a-input"",""price-2026-05-08-a-output"",""price-2026-05-08-b-input"",""price-2026-05-08-b-output"",""price-2026-05-08-c-input"",""price-2026-05-08-c-output"",""price-2026-05-08-d-input"",""price-2026-05-08-d-output""]","[""source-capability-a"",""source-capability-b"",""source-capability-c"",""source-capability-d"",""source-price-2026-05-08-a"",""source-price-2026-05-08-b"",""source-price-2026-05-08-c"",""source-price-2026-05-08-d""]"
SYNTHETIC KAPI PROTOTYPE — NOT AN OFFICIAL OR PUBLISHED INDEX,synthetic,True,False,week-2026-05-08,2026-05-08T16:00:00Z,summarization-transformation,0.05,0.043,0.051666666666666666666666666666666666666666666666667,0.16666666666666666666666666666666666666666666666667,0,endpoint-d-v1,provider-d,creator-d,"[""endpoint-a-v1"",""endpoint-b-v1"",""endpoint-d-v1""]","[""price-2026-05-08-a-input"",""price-2026-05-08-a-output"",""price-2026-05-08-b-input"",""price-2026-05-08-b-output"",""price-2026-05-08-c-input"",""price-2026-05-08-c-output"",""price-2026-05-08-d-input"",""price-2026-05-08-d-output""]","[""source-capability-a"",""source-capability-b"",""source-capability-c"",""source-capability-d"",""source-price-2026-05-08-a"",""source-price-2026-05-08-b"",""source-price-2026-05-08-c"",""source-price-2026-05-08-d""]"
SYNTHETIC KAPI PROTOTYPE — NOT AN OFFICIAL OR PUBLISHED INDEX,synthetic,True,False,week-2026-05-08,2026-05-08T16:00:00Z,code-repair,0.048,0.048,0.05,0.16666666666666666666666666666666666666666666666667,0,endpoint-b-v1,provider-b,creator-b,"[""endpoint-a-v1"",""endpoint-b-v1"",""endpoint-c-v1""]","[""price-2026-05-08-a-input"",""price-2026-05-08-a-output"",""price-2026-05-08-b-input"",""price-2026-05-08-b-output"",""price-2026-05-08-c-input"",""price-2026-05-08-c-output"",""price-2026-05-08-d-input"",""price-2026-05-08-d-output""]","[""source-capability-a"",""source-capability-b"",""source-capability-c"",""source-capability-d"",""source-price-2026-05-08-a"",""source-price-2026-05-08-b"",""source-price-2026-05-08-c"",""source-price-2026-05-08-d""]"
SYNTHETIC KAPI PROTOTYPE — NOT AN OFFICIAL OR PUBLISHED INDEX,synthetic,True,False,week-2026-05-08,2026-05-08T16:00:00Z,analysis-reasoning,0.012,0.01,0.011733333333333333333333333333333333333333333333333,0.16666666666666666666666666666666666666666666666667,0,endpoint-a-v1,provider-a,creator-a,"[""endpoint-a-v1"",""endpoint-b-v1"",""endpoint-d-v1""]","[""price-2026-05-08-a-input"",""price-2026-05-08-a-output"",""price-2026-05-08-b-input"",""price-2026-05-08-b-output"",""price-2026-05-08-c-input"",""price-2026-05-08-c-output"",""price-2026-05-08-d-input"",""price-2026-05-08-d-output""]","[""source-capability-a"",""source-capability-b"",""source-capability-c"",""source-capability-d"",""source-price-2026-05-08-a"",""source-price-2026-05-08-b"",""source-price-2026-05-08-c"",""source-price-2026-05-08-d""]"
SYNTHETIC KAPI PROTOTYPE — NOT AN OFFICIAL OR PUBLISHED INDEX,synthetic,True,False,week-2026-05-08,2026-05-08T16:00:00Z,tool-workflow,0.108,0.102,0.112,0.16666666666666666666666666666666666666666666666667,0,endpoint-a-v1,provider-a,creator-a,"[""endpoint-a-v1"",""endpoint-b-v1"",""endpoint-c-v1""]","[""price-2026-05-08-a-input"",""price-2026-05-08-a-output"",""price-2026-05-08-b-input"",""price-2026-05-08-b-output"",""price-2026-05-08-c-input"",""price-2026-05-08-c-output"",""price-2026-05-08-d-input"",""price-2026-05-08-d-output""]","[""source-capability-a"",""source-capability-b"",""source-capability-c"",""source-capability-d"",""source-price-2026-05-08-a"",""source-price-2026-05-08-b"",""source-price-2026-05-08-c"",""source-price-2026-05-08-d""]"
SYNTHETIC KAPI PROTOTYPE — NOT AN OFFICIAL OR PUBLISHED INDEX,synthetic,True,False,week-2026-05-15,2026-05-15T16:00:00Z,structured-extraction,0.0056,0.0044,0.0052,0.16666666666666666666666666666666666666666666666667,0,endpoint-a-v1,provider-a,creator-a,"[""endpoint-a-v1"",""endpoint-b-v1"",""endpoint-d-v1""]","[""price-2026-05-15-a-input"",""price-2026-05-15-a-output"",""price-2026-05-15-b-input"",""price-2026-05-15-b-output"",""price-2026-05-15-c-input"",""price-2026-05-15-c-output"",""price-2026-05-15-d-input"",""price-2026-05-15-d-output""]","[""source-capability-a"",""source-capability-b"",""source-capability-c"",""source-capability-d"",""source-price-2026-05-15-a"",""source-price-2026-05-15-b"",""source-price-2026-05-15-c"",""source-price-2026-05-15-d""]"
SYNTHETIC KAPI PROTOTYPE — NOT AN OFFICIAL OR PUBLISHED INDEX,synthetic,True,False,week-2026-05-15,2026-05-15T16:00:00Z,grounded-rag,0.024,0.0196,0.023333333333333333333333333333333333333333333333333,0.16666666666666666666666666666666666666666666666667,0,endpoint-d-v1,provider-d,creator-d,"[""endpoint-a-v1"",""endpoint-b-v1"",""endpoint-d-v1""]","[""price-2026-05-15-a-input"",""price-2026-05-15-a-output"",""price-2026-05-15-b-input"",""price-2026-05-15-b-output"",""price-2026-05-15-c-input"",""price-2026-05-15-c-output"",""price-2026-05-15-d-input"",""price-2026-05-15-d-output""]","[""source-capability-a"",""source-capability-b"",""source-capability-c"",""source-capability-d"",""source-price-2026-05-15-a"",""source-price-2026-05-15-b"",""source-price-2026-05-15-c"",""source-price-2026-05-15-d""]"
SYNTHETIC KAPI PROTOTYPE — NOT AN OFFICIAL OR PUBLISHED INDEX,synthetic,True,False,week-2026-05-15,2026-05-15T16:00:00Z,summarization-transformation,0.05,0.043,0.051666666666666666666666666666666666666666666666667,0.16666666666666666666666666666666666666666666666667,0,endpoint-d-v1,provider-d,creator-d,"[""endpoint-a-v1"",""endpoint-b-v1"",""endpoint-d-v1""]","[""price-2026-05-15-a-input"",""price-2026-05-15-a-output"",""price-2026-05-15-b-input"",""price-2026-05-15-b-output"",""price-2026-05-15-c-input"",""price-2026-05-15-c-output"",""price-2026-05-15-d-input"",""price-2026-05-15-d-output""]","[""source-capability-a"",""source-capability-b"",""source-capability-c"",""source-capability-d"",""source-price-2026-05-15-a"",""source-price-2026-05-15-b"",""source-price-2026-05-15-c"",""source-price-2026-05-15-d""]"
SYNTHETIC KAPI PROTOTYPE — NOT AN OFFICIAL OR PUBLISHED INDEX,synthetic,True,False,week-2026-05-15,2026-05-15T16:00:00Z,code-repair,0.048,0.048,0.05,0.16666666666666666666666666666666666666666666666667,0,endpoint-b-v1,provider-b,creator-b,"[""endpoint-a-v1"",""endpoint-b-v1"",""endpoint-c-v1""]","[""price-2026-05-15-a-input"",""price-2026-05-15-a-output"",""price-2026-05-15-b-input"",""price-2026-05-15-b-output"",""price-2026-05-15-c-input"",""price-2026-05-15-c-output"",""price-2026-05-15-d-input"",""price-2026-05-15-d-output""]","[""source-capability-a"",""source-capability-b"",""source-capability-c"",""source-capability-d"",""source-price-2026-05-15-a"",""source-price-2026-05-15-b"",""source-price-2026-05-15-c"",""source-price-2026-05-15-d""]"
SYNTHETIC KAPI PROTOTYPE — NOT AN OFFICIAL OR PUBLISHED INDEX,synthetic,True,False,week-2026-05-15,2026-05-15T16:00:00Z,analysis-reasoning,0.012,0.01,0.011733333333333333333333333333333333333333333333333,0.16666666666666666666666666666666666666666666666667,0,endpoint-a-v1,provider-a,creator-a,"[""endpoint-a-v1"",""endpoint-b-v1"",""endpoint-d-v1""]","[""price-2026-05-15-a-input"",""price-2026-05-15-a-output"",""price-2026-05-15-b-input"",""price-2026-05-15-b-output"",""price-2026-05-15-c-input"",""price-2026-05-15-c-output"",""price-2026-05-15-d-input"",""price-2026-05-15-d-output""]","[""source-capability-a"",""source-capability-b"",""source-capability-c"",""source-capability-d"",""source-price-2026-05-15-a"",""source-price-2026-05-15-b"",""source-price-2026-05-15-c"",""source-price-2026-05-15-d""]"
SYNTHETIC KAPI PROTOTYPE — NOT AN OFFICIAL OR PUBLISHED INDEX,synthetic,True,False,week-2026-05-15,2026-05-15T16:00:00Z,tool-workflow,0.108,0.102,0.112,0.16666666666666666666666666666666666666666666666667,0,endpoint-a-v1,provider-a,creator-a,"[""endpoint-a-v1"",""endpoint-b-v1"",""endpoint-c-v1""]","[""price-2026-05-15-a-input"",""price-2026-05-15-a-output"",""price-2026-05-15-b-input"",""price-2026-05-15-b-output"",""price-2026-05-15-c-input"",""price-2026-05-15-c-output"",""price-2026-05-15-d-input"",""price-2026-05-15-d-output""]","[""source-capability-a"",""source-capability-b"",""source-capability-c"",""source-capability-d"",""source-price-2026-05-15-a"",""source-price-2026-05-15-b"",""source-price-2026-05-15-c"",""source-price-2026-05-15-d""]"
SYNTHETIC KAPI PROTOTYPE — NOT AN OFFICIAL OR PUBLISHED INDEX,synthetic,True,False,week-2026-05-22,2026-05-22T16:00:00Z,structured-extraction,0.0056,0.0044,0.0052,0.16666666666666666666666666666666666666666666666667,0,endpoint-a-v1,provider-a,creator-a,"[""endpoint-a-v1"",""endpoint-b-v1"",""endpoint-d-v1""]","[""price-2026-05-22-a-input"",""price-2026-05-22-a-output"",""price-2026-05-22-b-input"",""price-2026-05-22-b-output"",""price-2026-05-22-c-input"",""price-2026-05-22-c-output"",""price-2026-05-22-d-input"",""price-2026-05-22-d-output""]","[""source-capability-a"",""source-capability-b"",""source-capability-c"",""source-capability-d"",""source-price-2026-05-22-a"",""source-price-2026-05-22-b"",""source-price-2026-05-22-c"",""source-price-2026-05-22-d""]"
SYNTHETIC KAPI PROTOTYPE — NOT AN OFFICIAL OR PUBLISHED INDEX,synthetic,True,False,week-2026-05-22,2026-05-22T16:00:00Z,grounded-rag,0.024,0.0196,0.023333333333333333333333333333333333333333333333333,0.16666666666666666666666666666666666666666666666667,0,endpoint-d-v1,provider-d,creator-d,"[""endpoint-a-v1"",""endpoint-b-v1"",""endpoint-d-v1""]","[""price-2026-05-22-a-input"",""price-2026-05-22-a-output"",""price-2026-05-22-b-input"",""price-2026-05-22-b-output"",""price-2026-05-22-c-input"",""price-2026-05-22-c-output"",""price-2026-05-22-d-input"",""price-2026-05-22-d-output""]","[""source-capability-a"",""source-capability-b"",""source-capability-c"",""source-capability-d"",""source-price-2026-05-22-a"",""source-price-2026-05-22-b"",""source-price-2026-05-22-c"",""source-price-2026-05-22-d""]"
SYNTHETIC KAPI PROTOTYPE — NOT AN OFFICIAL OR PUBLISHED INDEX,synthetic,True,False,week-2026-05-22,2026-05-22T16:00:00Z,summarization-transformation,0.05,0.043,0.051666666666666666666666666666666666666666666666667,0.16666666666666666666666666666666666666666666666667,0,endpoint-d-v1,provider-d,creator-d,"[""endpoint-a-v1"",""endpoint-b-v1"",""endpoint-d-v1""]","[""price-2026-05-22-a-input"",""price-2026-05-22-a-output"",""price-2026-05-22-b-input"",""price-2026-05-22-b-output"",""price-2026-05-22-c-input"",""price-2026-05-22-c-output"",""price-2026-05-22-d-input"",""price-2026-05-22-d-output""]","[""source-capability-a"",""source-capability-b"",""source-capability-c"",""source-capability-d"",""source-price-2026-05-22-a"",""source-price-2026-05-22-b"",""source-price-2026-05-22-c"",""source-price-2026-05-22-d""]"
SYNTHETIC KAPI PROTOTYPE — NOT AN OFFICIAL OR PUBLISHED INDEX,synthetic,True,False,week-2026-05-22,2026-05-22T16:00:00Z,code-repair,0.048,0.048,0.05,0.16666666666666666666666666666666666666666666666667,0,endpoint-b-v1,provider-b,creator-b,"[""endpoint-a-v1"",""endpoint-b-v1"",""endpoint-c-v1""]","[""price-2026-05-22-a-input"",""price-2026-05-22-a-output"",""price-2026-05-22-b-input"",""price-2026-05-22-b-output"",""price-2026-05-22-c-input"",""price-2026-05-22-c-output"",""price-2026-05-22-d-input"",""price-2026-05-22-d-output""]","[""source-capability-a"",""source-capability-b"",""source-capability-c"",""source-capability-d"",""source-price-2026-05-22-a"",""source-price-2026-05-22-b"",""source-price-2026-05-22-c"",""source-price-2026-05-22-d""]"
SYNTHETIC KAPI PROTOTYPE — NOT AN OFFICIAL OR PUBLISHED INDEX,synthetic,True,False,week-2026-05-22,2026-05-22T16:00:00Z,analysis-reasoning,0.012,0.01,0.011733333333333333333333333333333333333333333333333,0.16666666666666666666666666666666666666666666666667,0,endpoint-a-v1,provider-a,creator-a,"[""endpoint-a-v1"",""endpoint-b-v1"",""endpoint-d-v1""]","[""price-2026-05-22-a-input"",""price-2026-05-22-a-output"",""price-2026-05-22-b-input"",""price-2026-05-22-b-output"",""price-2026-05-22-c-input"",""price-2026-05-22-c-output"",""price-2026-05-22-d-input"",""price-2026-05-22-d-output""]","[""source-capability-a"",""source-capability-b"",""source-capability-c"",""source-capability-d"",""source-price-2026-05-22-a"",""source-price-2026-05-22-b"",""source-price-2026-05-22-c"",""source-price-2026-05-22-d""]"
SYNTHETIC KAPI PROTOTYPE — NOT AN OFFICIAL OR PUBLISHED INDEX,synthetic,True,False,week-2026-05-22,2026-05-22T16:00:00Z,tool-workflow,0.108,0.102,0.112,0.16666666666666666666666666666666666666666666666667,0,endpoint-a-v1,provider-a,creator-a,"[""endpoint-a-v1"",""endpoint-b-v1"",""endpoint-c-v1""]","[""price-2026-05-22-a-input"",""price-2026-05-22-a-output"",""price-2026-05-22-b-input"",""price-2026-05-22-b-output"",""price-2026-05-22-c-input"",""price-2026-05-22-c-output"",""price-2026-05-22-d-input"",""price-2026-05-22-d-output""]","[""source-capability-a"",""source-capability-b"",""source-capability-c"",""source-capability-d"",""source-price-2026-05-22-a"",""source-price-2026-05-22-b"",""source-price-2026-05-22-c"",""source-price-2026-05-22-d""]"
SYNTHETIC KAPI PROTOTYPE — NOT AN OFFICIAL OR PUBLISHED INDEX,synthetic,True,False,week-2026-05-29,2026-05-29T16:00:00Z,structured-extraction,0.0056,0.0044,0.0052,0.16666666666666666666666666666666666666666666666667,0,endpoint-a-v1,provider-a,creator-a,"[""endpoint-a-v1"",""endpoint-b-v1"",""endpoint-d-v1""]","[""price-2026-05-29-a-input"",""price-2026-05-29-a-output"",""price-2026-05-29-b-input"",""price-2026-05-29-b-output"",""price-2026-05-29-c-input"",""price-2026-05-29-c-output"",""price-2026-05-29-d-input"",""price-2026-05-29-d-output""]","[""source-capability-a"",""source-capability-b"",""source-capability-c"",""source-capability-d"",""source-price-2026-05-29-a"",""source-price-2026-05-29-b"",""source-price-2026-05-29-c"",""source-price-2026-05-29-d""]"
SYNTHETIC KAPI PROTOTYPE — NOT AN OFFICIAL OR PUBLISHED INDEX,synthetic,True,False,week-2026-05-29,2026-05-29T16:00:00Z,grounded-rag,0.024,0.0196,0.023333333333333333333333333333333333333333333333333,0.16666666666666666666666666666666666666666666666667,0,endpoint-d-v1,provider-d,creator-d,"[""endpoint-a-v1"",""endpoint-b-v1"",""endpoint-d-v1""]","[""price-2026-05-29-a-input"",""price-2026-05-29-a-output"",""price-2026-05-29-b-input"",""price-2026-05-29-b-output"",""price-2026-05-29-c-input"",""price-2026-05-29-c-output"",""price-2026-05-29-d-input"",""price-2026-05-29-d-output""]","[""source-capability-a"",""source-capability-b"",""source-capability-c"",""source-capability-d"",""source-price-2026-05-29-a"",""source-price-2026-05-29-b"",""source-price-2026-05-29-c"",""source-price-2026-05-29-d""]"
SYNTHETIC KAPI PROTOTYPE — NOT AN OFFICIAL OR PUBLISHED INDEX,synthetic,True,False,week-2026-05-29,2026-05-29T16:00:00Z,summarization-transformation,0.05,0.043,0.051666666666666666666666666666666666666666666666667,0.16666666666666666666666666666666666666666666666667,0,endpoint-d-v1,provider-d,creator-d,"[""endpoint-a-v1"",""endpoint-b-v1"",""endpoint-d-v1""]","[""price-2026-05-29-a-input"",""price-2026-05-29-a-output"",""price-2026-05-29-b-input"",""price-2026-05-29-b-output"",""price-2026-05-29-c-input"",""price-2026-05-29-c-output"",""price-2026-05-29-d-input"",""price-2026-05-29-d-output""]","[""source-capability-a"",""source-capability-b"",""source-capability-c"",""source-capability-d"",""source-price-2026-05-29-a"",""source-price-2026-05-29-b"",""source-price-2026-05-29-c"",""source-price-2026-05-29-d""]"
SYNTHETIC KAPI PROTOTYPE — NOT AN OFFICIAL OR PUBLISHED INDEX,synthetic,True,False,week-2026-05-29,2026-05-29T16:00:00Z,code-repair,0.048,0.048,0.05,0.16666666666666666666666666666666666666666666666667,0,endpoint-b-v1,provider-b,creator-b,"[""endpoint-a-v1"",""endpoint-b-v1"",""endpoint-c-v1""]","[""price-2026-05-29-a-input"",""price-2026-05-29-a-output"",""price-2026-05-29-b-input"",""price-2026-05-29-b-output"",""price-2026-05-29-c-input"",""price-2026-05-29-c-output"",""price-2026-05-29-d-input"",""price-2026-05-29-d-output""]","[""source-capability-a"",""source-capability-b"",""source-capability-c"",""source-capability-d"",""source-price-2026-05-29-a"",""source-price-2026-05-29-b"",""source-price-2026-05-29-c"",""source-price-2026-05-29-d""]"
SYNTHETIC KAPI PROTOTYPE — NOT AN OFFICIAL OR PUBLISHED INDEX,synthetic,True,False,week-2026-05-29,2026-05-29T16:00:00Z,analysis-reasoning,0.012,0.01,0.011733333333333333333333333333333333333333333333333,0.16666666666666666666666666666666666666666666666667,0,endpoint-a-v1,provider-a,creator-a,"[""endpoint-a-v1"",""endpoint-b-v1"",""endpoint-d-v1""]","[""price-2026-05-29-a-input"",""price-2026-05-29-a-output"",""price-2026-05-29-b-input"",""price-2026-05-29-b-output"",""price-2026-05-29-c-input"",""price-2026-05-29-c-output"",""price-2026-05-29-d-input"",""price-2026-05-29-d-output""]","[""source-capability-a"",""source-capability-b"",""source-capability-c"",""source-capability-d"",""source-price-2026-05-29-a"",""source-price-2026-05-29-b"",""source-price-2026-05-29-c"",""source-price-2026-05-29-d""]"
SYNTHETIC KAPI PROTOTYPE — NOT AN OFFICIAL OR PUBLISHED INDEX,synthetic,True,False,week-2026-05-29,2026-05-29T16:00:00Z,tool-workflow,0.108,0.102,0.112,0.16666666666666666666666666666666666666666666666667,0,endpoint-a-v1,provider-a,creator-a,"[""endpoint-a-v1"",""endpoint-b-v1"",""endpoint-c-v1""]","[""price-2026-05-29-a-input"",""price-2026-05-29-a-output"",""price-2026-05-29-b-input"",""price-2026-05-29-b-output"",""price-2026-05-29-c-input"",""price-2026-05-29-c-output"",""price-2026-05-29-d-input"",""price-2026-05-29-d-output""]","[""source-capability-a"",""source-capability-b"",""source-capability-c"",""source-capability-d"",""source-price-2026-05-29-a"",""source-price-2026-05-29-b"",""source-price-2026-05-29-c"",""source-price-2026-05-29-d""]"
SYNTHETIC KAPI PROTOTYPE — NOT AN OFFICIAL OR PUBLISHED INDEX,synthetic,True,False,week-2026-06-05,2026-06-05T16:00:00Z,structured-extraction,0.0056,0.0044,0.0052,0.16666666666666666666666666666666666666666666666667,0,endpoint-a-v1,provider-a,creator-a,"[""endpoint-a-v1"",""endpoint-b-v1"",""endpoint-d-v1""]","[""price-2026-06-05-a-input"",""price-2026-06-05-a-output"",""price-2026-06-05-b-input"",""price-2026-06-05-b-output"",""price-2026-06-05-c-input"",""price-2026-06-05-c-output"",""price-2026-06-05-d-input"",""price-2026-06-05-d-output""]","[""source-capability-a"",""source-capability-b"",""source-capability-c"",""source-capability-d"",""source-price-2026-06-05-a"",""source-price-2026-06-05-b"",""source-price-2026-06-05-c"",""source-price-2026-06-05-d""]"
SYNTHETIC KAPI PROTOTYPE — NOT AN OFFICIAL OR PUBLISHED INDEX,synthetic,True,False,week-2026-06-05,2026-06-05T16:00:00Z,grounded-rag,0.024,0.0196,0.023333333333333333333333333333333333333333333333333,0.16666666666666666666666666666666666666666666666667,0,endpoint-d-v1,provider-d,creator-d,"[""endpoint-a-v1"",""endpoint-b-v1"",""endpoint-d-v1""]","[""price-2026-06-05-a-input"",""price-2026-06-05-a-output"",""price-2026-06-05-b-input"",""price-2026-06-05-b-output"",""price-2026-06-05-c-input"",""price-2026-06-05-c-output"",""price-2026-06-05-d-input"",""price-2026-06-05-d-output""]","[""source-capability-a"",""source-capability-b"",""source-capability-c"",""source-capability-d"",""source-price-2026-06-05-a"",""source-price-2026-06-05-b"",""source-price-2026-06-05-c"",""source-price-2026-06-05-d""]"
SYNTHETIC KAPI PROTOTYPE — NOT AN OFFICIAL OR PUBLISHED INDEX,synthetic,True,False,week-2026-06-05,2026-06-05T16:00:00Z,summarization-transformation,0.05,0.043,0.051666666666666666666666666666666666666666666666667,0.16666666666666666666666666666666666666666666666667,0,endpoint-d-v1,provider-d,creator-d,"[""endpoint-a-v1"",""endpoint-b-v1"",""endpoint-d-v1""]","[""price-2026-06-05-a-input"",""price-2026-06-05-a-output"",""price-2026-06-05-b-input"",""price-2026-06-05-b-output"",""price-2026-06-05-c-input"",""price-2026-06-05-c-output"",""price-2026-06-05-d-input"",""price-2026-06-05-d-output""]","[""source-capability-a"",""source-capability-b"",""source-capability-c"",""source-capability-d"",""source-price-2026-06-05-a"",""source-price-2026-06-05-b"",""source-price-2026-06-05-c"",""source-price-2026-06-05-d""]"
SYNTHETIC KAPI PROTOTYPE — NOT AN OFFICIAL OR PUBLISHED INDEX,synthetic,True,False,week-2026-06-05,2026-06-05T16:00:00Z,code-repair,0.048,0.048,0.05,0.16666666666666666666666666666666666666666666666667,0,endpoint-b-v1,provider-b,creator-b,"[""endpoint-a-v1"",""endpoint-b-v1"",""endpoint-c-v1""]","[""price-2026-06-05-a-input"",""price-2026-06-05-a-output"",""price-2026-06-05-b-input"",""price-2026-06-05-b-output"",""price-2026-06-05-c-input"",""price-2026-06-05-c-output"",""price-2026-06-05-d-input"",""price-2026-06-05-d-output""]","[""source-capability-a"",""source-capability-b"",""source-capability-c"",""source-capability-d"",""source-price-2026-06-05-a"",""source-price-2026-06-05-b"",""source-price-2026-06-05-c"",""source-price-2026-06-05-d""]"
SYNTHETIC KAPI PROTOTYPE — NOT AN OFFICIAL OR PUBLISHED INDEX,synthetic,True,False,week-2026-06-05,2026-06-05T16:00:00Z,analysis-reasoning,0.012,0.01,0.011733333333333333333333333333333333333333333333333,0.16666666666666666666666666666666666666666666666667,0,endpoint-a-v1,provider-a,creator-a,"[""endpoint-a-v1"",""endpoint-b-v1"",""endpoint-d-v1""]","[""price-2026-06-05-a-input"",""price-2026-06-05-a-output"",""price-2026-06-05-b-input"",""price-2026-06-05-b-output"",""price-2026-06-05-c-input"",""price-2026-06-05-c-output"",""price-2026-06-05-d-input"",""price-2026-06-05-d-output""]","[""source-capability-a"",""source-capability-b"",""source-capability-c"",""source-capability-d"",""source-price-2026-06-05-a"",""source-price-2026-06-05-b"",""source-price-2026-06-05-c"",""source-price-2026-06-05-d""]"
SYNTHETIC KAPI PROTOTYPE — NOT AN OFFICIAL OR PUBLISHED INDEX,synthetic,True,False,week-2026-06-05,2026-06-05T16:00:00Z,tool-workflow,0.108,0.102,0.112,0.16666666666666666666666666666666666666666666666667,0,endpoint-a-v1,provider-a,creator-a,"[""endpoint-a-v1"",""endpoint-b-v1"",""endpoint-c-v1""]","[""price-2026-06-05-a-input"",""price-2026-06-05-a-output"",""price-2026-06-05-b-input"",""price-2026-06-05-b-output"",""price-2026-06-05-c-input"",""price-2026-06-05-c-output"",""price-2026-06-05-d-input"",""price-2026-06-05-d-output""]","[""source-capability-a"",""source-capability-b"",""source-capability-c"",""source-capability-d"",""source-price-2026-06-05-a"",""source-price-2026-06-05-b"",""source-price-2026-06-05-c"",""source-price-2026-06-05-d""]"
SYNTHETIC KAPI PROTOTYPE — NOT AN OFFICIAL OR PUBLISHED INDEX,synthetic,True,False,week-2026-06-12,2026-06-12T16:00:00Z,structured-extraction,0.0056,0.0044,0.0052,0.16666666666666666666666666666666666666666666666667,0,endpoint-a-v1,provider-a,creator-a,"[""endpoint-a-v1"",""endpoint-b-v1"",""endpoint-d-v1""]","[""price-2026-06-12-a-input"",""price-2026-06-12-a-output"",""price-2026-06-12-b-input"",""price-2026-06-12-b-output"",""price-2026-06-12-c-input"",""price-2026-06-12-c-output"",""price-2026-06-12-d-input"",""price-2026-06-12-d-output""]","[""source-capability-a"",""source-capability-b"",""source-capability-c"",""source-capability-d"",""source-price-2026-06-12-a"",""source-price-2026-06-12-b"",""source-price-2026-06-12-c"",""source-price-2026-06-12-d""]"
SYNTHETIC KAPI PROTOTYPE — NOT AN OFFICIAL OR PUBLISHED INDEX,synthetic,True,False,week-2026-06-12,2026-06-12T16:00:00Z,grounded-rag,0.024,0.0196,0.023333333333333333333333333333333333333333333333333,0.16666666666666666666666666666666666666666666666667,0,endpoint-d-v1,provider-d,creator-d,"[""endpoint-a-v1"",""endpoint-b-v1"",""endpoint-d-v1""]","[""price-2026-06-12-a-input"",""price-2026-06-12-a-output"",""price-2026-06-12-b-input"",""price-2026-06-12-b-output"",""price-2026-06-12-c-input"",""price-2026-06-12-c-output"",""price-2026-06-12-d-input"",""price-2026-06-12-d-output""]","[""source-capability-a"",""source-capability-b"",""source-capability-c"",""source-capability-d"",""source-price-2026-06-12-a"",""source-price-2026-06-12-b"",""source-price-2026-06-12-c"",""source-price-2026-06-12-d""]"
SYNTHETIC KAPI PROTOTYPE — NOT AN OFFICIAL OR PUBLISHED INDEX,synthetic,True,False,week-2026-06-12,2026-06-12T16:00:00Z,summarization-transformation,0.05,0.043,0.051666666666666666666666666666666666666666666666667,0.16666666666666666666666666666666666666666666666667,0,endpoint-d-v1,provider-d,creator-d,"[""endpoint-a-v1"",""endpoint-b-v1"",""endpoint-d-v1""]","[""price-2026-06-12-a-input"",""price-2026-06-12-a-output"",""price-2026-06-12-b-input"",""price-2026-06-12-b-output"",""price-2026-06-12-c-input"",""price-2026-06-12-c-output"",""price-2026-06-12-d-input"",""price-2026-06-12-d-output""]","[""source-capability-a"",""source-capability-b"",""source-capability-c"",""source-capability-d"",""source-price-2026-06-12-a"",""source-price-2026-06-12-b"",""source-price-2026-06-12-c"",""source-price-2026-06-12-d""]"
SYNTHETIC KAPI PROTOTYPE — NOT AN OFFICIAL OR PUBLISHED INDEX,synthetic,True,False,week-2026-06-12,2026-06-12T16:00:00Z,code-repair,0.048,0.048,0.05,0.16666666666666666666666666666666666666666666666667,0,endpoint-b-v1,provider-b,creator-b,"[""endpoint-a-v1"",""endpoint-b-v1"",""endpoint-c-v1""]","[""price-2026-06-12-a-input"",""price-2026-06-12-a-output"",""price-2026-06-12-b-input"",""price-2026-06-12-b-output"",""price-2026-06-12-c-input"",""price-2026-06-12-c-output"",""price-2026-06-12-d-input"",""price-2026-06-12-d-output""]","[""source-capability-a"",""source-capability-b"",""source-capability-c"",""source-capability-d"",""source-price-2026-06-12-a"",""source-price-2026-06-12-b"",""source-price-2026-06-12-c"",""source-price-2026-06-12-d""]"
SYNTHETIC KAPI PROTOTYPE — NOT AN OFFICIAL OR PUBLISHED INDEX,synthetic,True,False,week-2026-06-12,2026-06-12T16:00:00Z,analysis-reasoning,0.012,0.01,0.011733333333333333333333333333333333333333333333333,0.16666666666666666666666666666666666666666666666667,0,endpoint-a-v1,provider-a,creator-a,"[""endpoint-a-v1"",""endpoint-b-v1"",""endpoint-d-v1""]","[""price-2026-06-12-a-input"",""price-2026-06-12-a-output"",""price-2026-06-12-b-input"",""price-2026-06-12-b-output"",""price-2026-06-12-c-input"",""price-2026-06-12-c-output"",""price-2026-06-12-d-input"",""price-2026-06-12-d-output""]","[""source-capability-a"",""source-capability-b"",""source-capability-c"",""source-capability-d"",""source-price-2026-06-12-a"",""source-price-2026-06-12-b"",""source-price-2026-06-12-c"",""source-price-2026-06-12-d""]"
SYNTHETIC KAPI PROTOTYPE — NOT AN OFFICIAL OR PUBLISHED INDEX,synthetic,True,False,week-2026-06-12,2026-06-12T16:00:00Z,tool-workflow,0.108,0.102,0.112,0.16666666666666666666666666666666666666666666666667,0,endpoint-a-v1,provider-a,creator-a,"[""endpoint-a-v1"",""endpoint-b-v1"",""endpoint-c-v1""]","[""price-2026-06-12-a-input"",""price-2026-06-12-a-output"",""price-2026-06-12-b-input"",""price-2026-06-12-b-output"",""price-2026-06-12-c-input"",""price-2026-06-12-c-output"",""price-2026-06-12-d-input"",""price-2026-06-12-d-output""]","[""source-capability-a"",""source-capability-b"",""source-capability-c"",""source-capability-d"",""source-price-2026-06-12-a"",""source-price-2026-06-12-b"",""source-price-2026-06-12-c"",""source-price-2026-06-12-d""]"
SYNTHETIC KAPI PROTOTYPE — NOT AN OFFICIAL OR PUBLISHED INDEX,synthetic,True,False,week-2026-06-19,2026-06-19T16:00:00Z,structured-extraction,0.0056,0.0044,0.0052,0.16666666666666666666666666666666666666666666666667,0,endpoint-a-v1,provider-a,creator-a,"[""endpoint-a-v1"",""endpoint-b-v1"",""endpoint-d-v1""]","[""price-2026-06-19-a-input"",""price-2026-06-19-a-output"",""price-2026-06-19-b-input"",""price-2026-06-19-b-output"",""price-2026-06-19-c-input"",""price-2026-06-19-c-output"",""price-2026-06-19-d-input"",""price-2026-06-19-d-output""]","[""source-capability-a"",""source-capability-b"",""source-capability-c"",""source-capability-d"",""source-price-2026-06-19-a"",""source-price-2026-06-19-b"",""source-price-2026-06-19-c"",""source-price-2026-06-19-d""]"
SYNTHETIC KAPI PROTOTYPE — NOT AN OFFICIAL OR PUBLISHED INDEX,synthetic,True,False,week-2026-06-19,2026-06-19T16:00:00Z,grounded-rag,0.024,0.0196,0.023333333333333333333333333333333333333333333333333,0.16666666666666666666666666666666666666666666666667,0,endpoint-d-v1,provider-d,creator-d,"[""endpoint-a-v1"",""endpoint-b-v1"",""endpoint-d-v1""]","[""price-2026-06-19-a-input"",""price-2026-06-19-a-output"",""price-2026-06-19-b-input"",""price-2026-06-19-b-output"",""price-2026-06-19-c-input"",""price-2026-06-19-c-output"",""price-2026-06-19-d-input"",""price-2026-06-19-d-output""]","[""source-capability-a"",""source-capability-b"",""source-capability-c"",""source-capability-d"",""source-price-2026-06-19-a"",""source-price-2026-06-19-b"",""source-price-2026-06-19-c"",""source-price-2026-06-19-d""]"
SYNTHETIC KAPI PROTOTYPE — NOT AN OFFICIAL OR PUBLISHED INDEX,synthetic,True,False,week-2026-06-19,2026-06-19T16:00:00Z,summarization-transformation,0.05,0.043,0.051666666666666666666666666666666666666666666666667,0.16666666666666666666666666666666666666666666666667,0,endpoint-d-v1,provider-d,creator-d,"[""endpoint-a-v1"",""endpoint-b-v1"",""endpoint-d-v1""]","[""price-2026-06-19-a-input"",""price-2026-06-19-a-output"",""price-2026-06-19-b-input"",""price-2026-06-19-b-output"",""price-2026-06-19-c-input"",""price-2026-06-19-c-output"",""price-2026-06-19-d-input"",""price-2026-06-19-d-output""]","[""source-capability-a"",""source-capability-b"",""source-capability-c"",""source-capability-d"",""source-price-2026-06-19-a"",""source-price-2026-06-19-b"",""source-price-2026-06-19-c"",""source-price-2026-06-19-d""]"
SYNTHETIC KAPI PROTOTYPE — NOT AN OFFICIAL OR PUBLISHED INDEX,synthetic,True,False,week-2026-06-19,2026-06-19T16:00:00Z,code-repair,0.048,0.048,0.05,0.16666666666666666666666666666666666666666666666667,0,endpoint-b-v1,provider-b,creator-b,"[""endpoint-a-v1"",""endpoint-b-v1"",""endpoint-c-v1""]","[""price-2026-06-19-a-input"",""price-2026-06-19-a-output"",""price-2026-06-19-b-input"",""price-2026-06-19-b-output"",""price-2026-06-19-c-input"",""price-2026-06-19-c-output"",""price-2026-06-19-d-input"",""price-2026-06-19-d-output""]","[""source-capability-a"",""source-capability-b"",""source-capability-c"",""source-capability-d"",""source-price-2026-06-19-a"",""source-price-2026-06-19-b"",""source-price-2026-06-19-c"",""source-price-2026-06-19-d""]"
SYNTHETIC KAPI PROTOTYPE — NOT AN OFFICIAL OR PUBLISHED INDEX,synthetic,True,False,week-2026-06-19,2026-06-19T16:00:00Z,analysis-reasoning,0.012,0.01,0.011733333333333333333333333333333333333333333333333,0.16666666666666666666666666666666666666666666666667,0,endpoint-a-v1,provider-a,creator-a,"[""endpoint-a-v1"",""endpoint-b-v1"",""endpoint-d-v1""]","[""price-2026-06-19-a-input"",""price-2026-06-19-a-output"",""price-2026-06-19-b-input"",""price-2026-06-19-b-output"",""price-2026-06-19-c-input"",""price-2026-06-19-c-output"",""price-2026-06-19-d-input"",""price-2026-06-19-d-output""]","[""source-capability-a"",""source-capability-b"",""source-capability-c"",""source-capability-d"",""source-price-2026-06-19-a"",""source-price-2026-06-19-b"",""source-price-2026-06-19-c"",""source-price-2026-06-19-d""]"
SYNTHETIC KAPI PROTOTYPE — NOT AN OFFICIAL OR PUBLISHED INDEX,synthetic,True,False,week-2026-06-19,2026-06-19T16:00:00Z,tool-workflow,0.108,0.102,0.112,0.16666666666666666666666666666666666666666666666667,0,endpoint-a-v1,provider-a,creator-a,"[""endpoint-a-v1"",""endpoint-b-v1"",""endpoint-c-v1""]","[""price-2026-06-19-a-input"",""price-2026-06-19-a-output"",""price-2026-06-19-b-input"",""price-2026-06-19-b-output"",""price-2026-06-19-c-input"",""price-2026-06-19-c-output"",""price-2026-06-19-d-input"",""price-2026-06-19-d-output""]","[""source-capability-a"",""source-capability-b"",""source-capability-c"",""source-capability-d"",""source-price-2026-06-19-a"",""source-price-2026-06-19-b"",""source-price-2026-06-19-c"",""source-price-2026-06-19-d""]"
SYNTHETIC KAPI PROTOTYPE — NOT AN OFFICIAL OR PUBLISHED INDEX,synthetic,True,False,week-2026-06-26,2026-06-26T16:00:00Z,structured-extraction,0.0056,0.0044,0.0052,0.16666666666666666666666666666666666666666666666667,0,endpoint-a-v1,provider-a,creator-a,"[""endpoint-a-v1"",""endpoint-b-v1"",""endpoint-d-v1""]","[""price-2026-06-26-a-input"",""price-2026-06-26-a-output"",""price-2026-06-26-b-input"",""price-2026-06-26-b-output"",""price-2026-06-26-c-input"",""price-2026-06-26-c-output"",""price-2026-06-26-d-input"",""price-2026-06-26-d-output""]","[""source-capability-a"",""source-capability-b"",""source-capability-c"",""source-capability-d"",""source-price-2026-06-26-a"",""source-price-2026-06-26-b"",""source-price-2026-06-26-c"",""source-price-2026-06-26-d""]"
SYNTHETIC KAPI PROTOTYPE — NOT AN OFFICIAL OR PUBLISHED INDEX,synthetic,True,False,week-2026-06-26,2026-06-26T16:00:00Z,grounded-rag,0.024,0.0196,0.023333333333333333333333333333333333333333333333333,0.16666666666666666666666666666666666666666666666667,0,endpoint-d-v1,provider-d,creator-d,"[""endpoint-a-v1"",""endpoint-b-v1"",""endpoint-d-v1""]","[""price-2026-06-26-a-input"",""price-2026-06-26-a-output"",""price-2026-06-26-b-input"",""price-2026-06-26-b-output"",""price-2026-06-26-c-input"",""price-2026-06-26-c-output"",""price-2026-06-26-d-input"",""price-2026-06-26-d-output""]","[""source-capability-a"",""source-capability-b"",""source-capability-c"",""source-capability-d"",""source-price-2026-06-26-a"",""source-price-2026-06-26-b"",""source-price-2026-06-26-c"",""source-price-2026-06-26-d""]"
SYNTHETIC KAPI PROTOTYPE — NOT AN OFFICIAL OR PUBLISHED INDEX,synthetic,True,False,week-2026-06-26,2026-06-26T16:00:00Z,summarization-transformation,0.05,0.043,0.051666666666666666666666666666666666666666666666667,0.16666666666666666666666666666666666666666666666667,0,endpoint-d-v1,provider-d,creator-d,"[""endpoint-a-v1"",""endpoint-b-v1"",""endpoint-d-v1""]","[""price-2026-06-26-a-input"",""price-2026-06-26-a-output"",""price-2026-06-26-b-input"",""price-2026-06-26-b-output"",""price-2026-06-26-c-input"",""price-2026-06-26-c-output"",""price-2026-06-26-d-input"",""price-2026-06-26-d-output""]","[""source-capability-a"",""source-capability-b"",""source-capability-c"",""source-capability-d"",""source-price-2026-06-26-a"",""source-price-2026-06-26-b"",""source-price-2026-06-26-c"",""source-price-2026-06-26-d""]"
SYNTHETIC KAPI PROTOTYPE — NOT AN OFFICIAL OR PUBLISHED INDEX,synthetic,True,False,week-2026-06-26,2026-06-26T16:00:00Z,code-repair,0.048,0.048,0.05,0.16666666666666666666666666666666666666666666666667,0,endpoint-b-v1,provider-b,creator-b,"[""endpoint-a-v1"",""endpoint-b-v1"",""endpoint-c-v1""]","[""price-2026-06-26-a-input"",""price-2026-06-26-a-output"",""price-2026-06-26-b-input"",""price-2026-06-26-b-output"",""price-2026-06-26-c-input"",""price-2026-06-26-c-output"",""price-2026-06-26-d-input"",""price-2026-06-26-d-output""]","[""source-capability-a"",""source-capability-b"",""source-capability-c"",""source-capability-d"",""source-price-2026-06-26-a"",""source-price-2026-06-26-b"",""source-price-2026-06-26-c"",""source-price-2026-06-26-d""]"
SYNTHETIC KAPI PROTOTYPE — NOT AN OFFICIAL OR PUBLISHED INDEX,synthetic,True,False,week-2026-06-26,2026-06-26T16:00:00Z,analysis-reasoning,0.012,0.01,0.011733333333333333333333333333333333333333333333333,0.16666666666666666666666666666666666666666666666667,0,endpoint-a-v1,provider-a,creator-a,"[""endpoint-a-v1"",""endpoint-b-v1"",""endpoint-d-v1""]","[""price-2026-06-26-a-input"",""price-2026-06-26-a-output"",""price-2026-06-26-b-input"",""price-2026-06-26-b-output"",""price-2026-06-26-c-input"",""price-2026-06-26-c-output"",""price-2026-06-26-d-input"",""price-2026-06-26-d-output""]","[""source-capability-a"",""source-capability-b"",""source-capability-c"",""source-capability-d"",""source-price-2026-06-26-a"",""source-price-2026-06-26-b"",""source-price-2026-06-26-c"",""source-price-2026-06-26-d""]"
SYNTHETIC KAPI PROTOTYPE — NOT AN OFFICIAL OR PUBLISHED INDEX,synthetic,True,False,week-2026-06-26,2026-06-26T16:00:00Z,tool-workflow,0.108,0.102,0.112,0.16666666666666666666666666666666666666666666666667,0,endpoint-a-v1,provider-a,creator-a,"[""endpoint-a-v1"",""endpoint-b-v1"",""endpoint-c-v1""]","[""price-2026-06-26-a-input"",""price-2026-06-26-a-output"",""price-2026-06-26-b-input"",""price-2026-06-26-b-output"",""price-2026-06-26-c-input"",""price-2026-06-26-c-output"",""price-2026-06-26-d-input"",""price-2026-06-26-d-output""]","[""source-capability-a"",""source-capability-b"",""source-capability-c"",""source-capability-d"",""source-price-2026-06-26-a"",""source-price-2026-06-26-b"",""source-price-2026-06-26-c"",""source-price-2026-06-26-d""]"
SYNTHETIC KAPI PROTOTYPE — NOT AN OFFICIAL OR PUBLISHED INDEX,synthetic,True,False,week-2026-07-03,2026-07-03T16:00:00Z,structured-extraction,0.0028,0.0022,0.0026666666666666666666666666666666666666666666666667,0.16666666666666666666666666666666666666666666666667,-1.1308562197092084006462035541195476575121163166398,endpoint-d-v1,provider-d,creator-d,"[""endpoint-a-v1"",""endpoint-b-v1"",""endpoint-d-v1""]","[""price-2026-07-03-a-input"",""price-2026-07-03-a-output"",""price-2026-07-03-b-input"",""price-2026-07-03-b-output"",""price-2026-07-03-c-input"",""price-2026-07-03-c-output"",""price-2026-07-03-d-input"",""price-2026-07-03-d-output""]","[""source-capability-a"",""source-capability-b"",""source-capability-c"",""source-capability-d"",""source-price-2026-07-03-a"",""source-price-2026-07-03-b"",""source-price-2026-07-03-c"",""source-price-2026-07-03-d""]"
SYNTHETIC KAPI PROTOTYPE — NOT AN OFFICIAL OR PUBLISHED INDEX,synthetic,True,False,week-2026-07-03,2026-07-03T16:00:00Z,grounded-rag,0.012,0.0098,0.011933333333333333333333333333333333333333333333333,0.16666666666666666666666666666666666666666666666667,-4.8465266558966074313408723747980613893376413570274,endpoint-d-v1,provider-d,creator-d,"[""endpoint-a-v1"",""endpoint-b-v1"",""endpoint-d-v1""]","[""price-2026-07-03-a-input"",""price-2026-07-03-a-output"",""price-2026-07-03-b-input"",""price-2026-07-03-b-output"",""price-2026-07-03-c-input"",""price-2026-07-03-c-output"",""price-2026-07-03-d-input"",""price-2026-07-03-d-output""]","[""source-capability-a"",""source-capability-b"",""source-capability-c"",""source-capability-d"",""source-price-2026-07-03-a"",""source-price-2026-07-03-b"",""source-price-2026-07-03-c"",""source-price-2026-07-03-d""]"
SYNTHETIC KAPI PROTOTYPE — NOT AN OFFICIAL OR PUBLISHED INDEX,synthetic,True,False,week-2026-07-03,2026-07-03T16:00:00Z,summarization-transformation,0.025,0.0215,0.026333333333333333333333333333333333333333333333333,0.16666666666666666666666666666666666666666666666667,-10.096930533117932148626817447495961227786752827141,endpoint-d-v1,provider-d,creator-d,"[""endpoint-a-v1"",""endpoint-b-v1"",""endpoint-d-v1""]","[""price-2026-07-03-a-input"",""price-2026-07-03-a-output"",""price-2026-07-03-b-input"",""price-2026-07-03-b-output"",""price-2026-07-03-c-input"",""price-2026-07-03-c-output"",""price-2026-07-03-d-input"",""price-2026-07-03-d-output""]","[""source-capability-a"",""source-capability-b"",""source-capability-c"",""source-capability-d"",""source-price-2026-07-03-a"",""source-price-2026-07-03-b"",""source-price-2026-07-03-c"",""source-price-2026-07-03-d""]"
SYNTHETIC KAPI PROTOTYPE — NOT AN OFFICIAL OR PUBLISHED INDEX,synthetic,True,False,week-2026-07-03,2026-07-03T16:00:00Z,code-repair,0.027,0.024,0.0286,0.16666666666666666666666666666666666666666666666667,-8.4814216478190630048465266558966074313408723747982,endpoint-a-v1,provider-a,creator-a,"[""endpoint-a-v1"",""endpoint-b-v1"",""endpoint-d-v1""]","[""price-2026-07-03-a-input"",""price-2026-07-03-a-output"",""price-2026-07-03-b-input"",""price-2026-07-03-b-output"",""price-2026-07-03-c-input"",""price-2026-07-03-c-output"",""price-2026-07-03-d-input"",""price-2026-07-03-d-output""]","[""source-capability-a"",""source-capability-b"",""source-capability-c"",""source-capability-d"",""source-price-2026-07-03-a"",""source-price-2026-07-03-b"",""source-price-2026-07-03-c"",""source-price-2026-07-03-d""]"
SYNTHETIC KAPI PROTOTYPE — NOT AN OFFICIAL OR PUBLISHED INDEX,synthetic,True,False,week-2026-07-03,2026-07-03T16:00:00Z,analysis-reasoning,0.0065,0.005,0.0060333333333333333333333333333333333333333333333333,0.16666666666666666666666666666666666666666666666667,-2.2213247172859450726978998384491114701130856219709,endpoint-a-v1,provider-a,creator-a,"[""endpoint-a-v1"",""endpoint-b-v1"",""endpoint-d-v1""]","[""price-2026-07-03-a-input"",""price-2026-07-03-a-output"",""price-2026-07-03-b-input"",""price-2026-07-03-b-output"",""price-2026-07-03-c-input"",""price-2026-07-03-c-output"",""price-2026-07-03-d-input"",""price-2026-07-03-d-output""]","[""source-capability-a"",""source-capability-b"",""source-capability-c"",""source-capability-d"",""source-price-2026-07-03-a"",""source-price-2026-07-03-b"",""source-price-2026-07-03-c"",""source-price-2026-07-03-d""]"
SYNTHETIC KAPI PROTOTYPE — NOT AN OFFICIAL OR PUBLISHED INDEX,synthetic,True,False,week-2026-07-03,2026-07-03T16:00:00Z,tool-workflow,0.06,0.051,0.061,0.16666666666666666666666666666666666666666666666667,-19.38610662358642972536348949919224555735056542811,endpoint-a-v1,provider-a,creator-a,"[""endpoint-a-v1"",""endpoint-b-v1"",""endpoint-d-v1""]","[""price-2026-07-03-a-input"",""price-2026-07-03-a-output"",""price-2026-07-03-b-input"",""price-2026-07-03-b-output"",""price-2026-07-03-c-input"",""price-2026-07-03-c-output"",""price-2026-07-03-d-input"",""price-2026-07-03-d-output""]","[""source-capability-a"",""source-capability-b"",""source-capability-c"",""source-capability-d"",""source-price-2026-07-03-a"",""source-price-2026-07-03-b"",""source-price-2026-07-03-c"",""source-price-2026-07-03-d""]"
